ASIN,Sentiment Score
B08MFP6FJC,4.5
B00I8QV2VY,2.176470588235294
B096M37Z1T,1.0
B08BJN4MP3,3.244186046511628
B08B27R8MP,3.0625
